"Timestamp","How involved are you with bug reporting?","When you create a bug report, which fields do you usually fill out?","If a bug report changes, who changes it? [Short description]","If a bug report changes, who changes it? [Long description]","If a bug report changes, who changes it? [The screenshot field]","If a bug report changes, who changes it? [Priority/Severity]","If a bug report changes, who changes it? [Assigned to]","If a bug report changes, who changes it? [Steps to reproduce]","If a bug report changes, who changes it? [Release version]","When does your bug report need updating? [Short description]","When does your bug report need updating? [Long description]","When does your bug report need updating? [The screenshot field]","When does your bug report need updating? [Priority/Severity]","When does your bug report need updating? [Assigned to]","When does your bug report need updating? [Steps to reproduce]","When does your bug report need updating? [Release version]","In what percentage of your bug reports does the priority field change? ","When writing bug reports, how often do you overstate the priority to speed resolution?","How often do you fix bugs?","How useful are bug reports for fixing bugs? [Short description]","How useful are bug reports for fixing bugs? [Long description]","How useful are bug reports for fixing bugs? [The screenshot field]","How useful are bug reports for fixing bugs? [Priority/Severity]","How useful are bug reports for fixing bugs? [Assigned to]","How useful are bug reports for fixing bugs? [Steps to reproduce]","How useful are bug reports for fixing bugs? [Release version]","In what percentage of your bug reports are the priority fields useful?","How many priority levels are typically supported by the bug reporting system(s) you use?","How many priority levels do you think are needed for your current project(s)?","Considering your current software project(s): How often is priority understated (or deflated) in bug reports?","Considering your current software project(s): How often is priority overstated (or inflated) in bug reports?","Is priority inflation/deflation affecting your work?","If priority inflation/deflation is affecting your work, please detail how and what steps are being taken to address it.","What is your role in your current software development project(s)?","What degrees do you hold?","How many years have you being involved professionally in software development?","How many people are typically involved in your current project(s)?"
"2016/08/02 11:00:21 AM GMT+1","I report bugs frequently","Short description;Priority/Severity;Assigned to (The person to whom the task is assigned);Steps to reproduce","It almost never changes","It almost never changes","It almost never changes","I usually need to change it later","I usually need to change it later","It almost never changes","I usually need to change it later","Incomplete information","Incomplete information","Incomplete information","No change needed","No change needed","Incomplete information","No change needed","","Never","I fix bugs frequently","","","","","","","","","4","3","Occasionally","Occasionally","Its impact is minimum","","Developer;Architect","","10","10+"
"2016/08/02 11:09:12 AM GMT+1","I report bugs frequently","Short description;Long description;The screenshot field;Priority/Severity;Steps to reproduce","It almost never changes","It almost never changes","It almost never changes","I usually need to change it later","I usually need to change it later","","I usually need to change it later","No change needed","Incomplete information","No change needed","Incorrect information","Incorrect information","No change needed","Incorrect information","","Occasionally","I fix bugs frequently","","","","","","","","","4","4","Occasionally","Occasionally","Its impact is minimum","","Developer","Masters","10","4–9"
"2016/08/02 11:32:29 AM GMT+1","I report bugs frequently","Long description;Priority/Severity;Steps to reproduce;Release version","","","","It is usually changed by another team member","It is usually changed by another team member","","","","","","Incorrect information","Left field blank","","","","Occasionally","I fix bugs frequently","","The field is useful","","","","The field is useful","The field is useful","","4","4","Never","Frequently","Its impact is minimum","Depends on whether I am reporting a bug in software I work on, or software I use. If you had addressed that question in the design of your questionnaire then the questions may have been different.

In terms of this question, when in software I work on, it takes my time to reassess the priority","Developer;Tester;Project Manager;Architect","Bachelors","10","<= 3"
"2016/08/02 12:35:30 PM GMT+1","I report bugs frequently","Short description;Long description;Priority/Severity","I usually need to change it later","I usually need to change it later","It almost never changes","I usually need to change it later","It is usually changed by another team member","I usually need to change it later","It is usually changed by another team member","Incomplete information","Incomplete information","Left field blank","No change needed","Left field blank","Incomplete information","Left field blank","","Never","I fix bugs frequently","The field is useful","The field is useful","The field is useful","The field is blank","The field is blank","The field is useful","The field is blank","","4","4","Occasionally","Occasionally","It has no impact","","","","",""
"2016/08/02 1:47:52 PM GMT+1","I occasionally report bugs","Short description","It almost never changes","","","","","","","Left field blank","","","","","","","10","Never","I never fix bugs","","","","","","","","","1","1","Never","Never","Its impact is minimum","","Architect","Bachelors","10","4–9"
"2016/08/02 3:16:17 PM GMT+1","I occasionally report bugs","Short description;Long description;Priority/Severity;Steps to reproduce;Release version","It almost never changes","It almost never changes","It almost never changes","It is usually changed by another team member","It is usually changed by another team member","It is usually changed by another team member","It almost never changes","No change needed","No change needed","Left field blank","Incomplete information","Left field blank","Incomplete information","No change needed","75","Never","I occasionally fix bugs","The field is useful","The field is useful","The field is blank","The field is useful","The field is useful","The field is useful","The field is useful","25","5","3","Occasionally","Never","It has no impact","","","","",""
"2016/08/02 4:22:01 PM GMT+1","I report bugs frequently","Short description;Long description;The screenshot field;Priority/Severity;Steps to reproduce;Release version","It almost never changes","It almost never changes","It almost never changes","I usually need to change it later","I usually need to change it later","It almost never changes","It almost never changes","Incomplete information","Incomplete information","Left field blank","Incomplete information","Incomplete information","Incomplete information","Incomplete information","20%","Never","I fix bugs frequently","The field is useful","The field is useful","The field is useful","The field is useful","The field is blank","The field is useful","The field is blank","67%","5","3","Occasionally","Occasionally","Its impact is minimum","We figure out what is required to fix and what possible business impact the bug could have and change accordingly. ","Developer;Tester","Bachelors;Masters;PhD","10","10+"
"2016/08/02 4:23:44 PM GMT+1","I occasionally report bugs","Short description;Long description;Steps to reproduce;Release version","It almost never changes","I usually need to change it later","It almost never changes","It almost never changes","I usually need to change it later","I usually need to change it later","It almost never changes","No change needed","","Left field blank","Left field blank","Incomplete information","No change needed","No change needed","50%","Occasionally","I fix bugs frequently","The field is useful","The field is incorrect","The field is useful","The field is useful","The field is useful","The field is useful","The field is useful","40%","4","3","Never","Frequently","It has a significant impact","Usually results in wasting time on unnecessary issues because of excessive customer pressure.","Developer;Architect","Bachelors","4","<= 3"
"2016/08/02 5:18:02 PM GMT+1","I report bugs frequently","Short description;The screenshot field;Steps to reproduce;Release version","It almost never changes","It almost never changes","It almost never changes","It almost never changes","I usually need to change it later","It almost never changes","It almost never changes","Incorrect information","Incomplete information","Incomplete information","Incomplete information","Incomplete information","Left field blank","Left field blank","","Never","I fix bugs frequently","","","","","","","The field is useful","100%","1","1","Frequently","Never","It has no impact","","","","",""
"2016/08/02 5:26:46 PM GMT+1","I report bugs frequently","Short description;Long description;The screenshot field;Priority/Severity;Steps to reproduce;Release version","It almost never changes","It almost never changes","It almost never changes","I usually need to change it later","I usually need to change it later","It almost never changes","It almost never changes","Incorrect information","Incomplete information","No change needed","Left field blank","Left field blank","Incomplete information","Incomplete information","20","Occasionally","I fix bugs frequently","The field is useful","The field is useful","The field is useful","The field is blank","The field is blank","The field is useful","The field is useful","5","3","3","Occasionally","Occasionally","Its impact is minimum","Those reporting bugs are often not in a position to assess its priority (""it doesn't work!""). Those who know what they're doing usually do it right.","Developer;Tester;Project Manager;Architect;Business Analyst;Sysadmin","Bachelors;Masters","10","<= 3"
"2016/08/02 6:20:08 PM GMT+1","I report bugs frequently","Short description;Long description;The screenshot field;Priority/Severity;Assigned to (The person to whom the task is assigned);Steps to reproduce;Release version","It almost never changes","It almost never changes","It almost never changes","It almost never changes","It is usually changed by another team member","It almost never changes","It is usually changed by another team member","No change needed","No change needed","No change needed","Incomplete information","Left field blank","Incomplete information","Left field blank","Very hard to say, depends on product","Occasionally","I never fix bugs","","","","","","","","","4","4","Occasionally","Occasionally","It has no impact","","","","",""
"2016/08/02 7:18:47 PM GMT+1","I report bugs frequently","Short description;Long description;Priority/Severity;Steps to reproduce","It is usually changed by another team member","I usually need to change it later","It almost never changes","It almost never changes","It almost never changes","It almost never changes","It almost never changes","No change needed","No change needed","No change needed","Incorrect information","No change needed","No change needed","No change needed","","Never","I fix bugs frequently","The field is useful","The field is useful","The field is blank","The field is blank","The field is blank","The field is useful","The field is blank","","3","3","Occasionally","Occasionally","Its impact is minimum","","Developer","Masters","3","10+"
"2016/08/02 7:56:34 PM GMT+1","I occasionally report bugs","Short description;Priority/Severity;Steps to reproduce;Release version","I usually need to change it later","","It almost never changes","It is usually changed by another team member","","It almost never changes","","Incorrect information","","","Incomplete information","Incorrect information","Incorrect information","Incomplete information","","Never","I occasionally fix bugs","The field is useful","The field is useful","The field is useful","The field is useful","","The field is useful","The field is useful","","5","5","Occasionally","Occasionally","It has a significant impact","","Developer;Project Manager","Masters;PhD","10","4–9"
"2016/08/02 7:58:23 PM GMT+1","I report bugs frequently","Short description;Long description;The screenshot field;Assigned to (The person to whom the task is assigned);Steps to reproduce","It almost never changes","It almost never changes","It almost never changes","","It almost never changes","It almost never changes","","Incomplete information","Incomplete information","Incomplete information","","","","","5","Occasionally","I fix bugs frequently","The field is useful","The field is useful","The field is blank","","","The field is useful","","10","4","3","Occasionally","Occasionally","Its impact is minimum","","Developer","Bachelors","10","4–9"
"2016/08/02 8:37:51 PM GMT+1","I occasionally report bugs","Short description;Long description;Priority/Severity;Steps to reproduce;Release version","It almost never changes","It almost never changes","It almost never changes","It almost never changes","It is usually changed by another team member","It almost never changes","It almost never changes","No change needed","Incomplete information","Left field blank","No change needed","No change needed","Incomplete information","No change needed","0","Never","I occasionally fix bugs","The field is useful","The field is useful","The field is useful","The field is blank","The field is blank","The field is useful","The field is useful","50","3","3","Occasionally","Occasionally","It has no impact","","","","",""
"2016/08/02 8:46:15 PM GMT+1","I report bugs frequently","Short description;Long description;Priority/Severity;Steps to reproduce","It almost never changes","It almost never changes","","","It is usually changed by another team member","It almost never changes","It almost never changes","Incorrect information","Incorrect information","No change needed","Incorrect information","Left field blank","Incorrect information","Left field blank","5","Occasionally","I fix bugs frequently","The field is useful","The field is useful","The field is blank","The field is blank","The field is blank","The field is blank","The field is blank","2","5","3","Occasionally","Occasionally","Its impact is minimum","","Developer","Masters","10","10+"
"2016/08/02 9:00:33 PM GMT+1","I report bugs frequently","Short description;Long description;Priority/Severity;Steps to reproduce;Release version","It almost never changes","It almost never changes","It almost never changes","It almost never changes","It almost never changes","It almost never changes","It almost never changes","Incorrect information","Incomplete information","Left field blank","No change needed","Left field blank","Incomplete information","No change needed","extremely rare, less than one percent","Occasionally","I fix bugs frequently","The field is useful","The field is useful","The field is blank","The field is blank","The field is blank","The field is useful","The field is useful","Usually not unless critical/blocker","5","4","Never","Occasionally","It has no impact","","","","",""
"2016/08/03 9:43:05 AM GMT+1","I report bugs frequently","Short description;Priority/Severity;Steps to reproduce;Release version","It almost never changes","It almost never changes","It almost never changes","It is usually changed by another team member","It is usually changed by another team member","It almost never changes","It almost never changes","No change needed","No change needed","No change needed","Incomplete information","Left field blank","Incomplete information","Incomplete information","10","Occasionally","I occasionally fix bugs","The field is incomplete","The field is incomplete","The field is blank","The field is blank","The field is blank","The field is useful","The field is useful","90","5","3","Occasionally","Occasionally","Its impact is minimum","lower priority, reorder bugs to work on most important stuff","Developer","Masters","10","<= 3"
"2016/08/03 9:58:05 AM GMT+1","I occasionally report bugs","Short description;Assigned to (The person to whom the task is assigned)","I usually need to change it later","It is usually changed by another team member","I usually need to change it later","It is usually changed by another team member","It is usually changed by another team member","I usually need to change it later","I usually need to change it later","No change needed","Incorrect information","Incorrect information","No change needed","","Incomplete information","Incorrect information","","Never","I occasionally fix bugs","The field is incorrect","The field is useful","The field is incomplete","The field is useful","The field is useful","The field is incorrect","The field is useful","","3","5","Never","Occasionally","It has a significant impact","","Developer","Bachelors","3","10+"
"2016/08/03 10:03:55 AM GMT+1","I occasionally report bugs","Short description;Long description;Priority/Severity;Steps to reproduce;Release version","It almost never changes","It almost never changes","It almost never changes","It is usually changed by another team member","It is usually changed by another team member","It almost never changes","It is usually changed by another team member","No change needed","No change needed","No change needed","Incomplete information","Incomplete information","No change needed","Incomplete information","10%","Never","I occasionally fix bugs","The field is useful","The field is useful","The field is incomplete","The field is incomplete","The field is incorrect","The field is useful","The field is incomplete","0%","5","3","Occasionally","Never","Its impact is minimum","I just live with it","Developer","Bachelors;Masters;PhD","10","10+"
"2016/08/03 10:07:43 AM GMT+1","I occasionally report bugs","","","","","","","","","","","","","","","","I don't know","Never","I never fix bugs","","","","","","","","","3","","","","","","Not a developer now","Bachelors;Masters","",""
"2016/08/03 10:09:46 AM GMT+1","I report bugs frequently","Short description;Long description;The screenshot field;Priority/Severity;Assigned to (The person to whom the task is assigned)","It almost never changes","I usually need to change it later","It almost never changes","I usually need to change it later","It almost never changes","","","No change needed","Incomplete information","No change needed","Incorrect information","No change needed","","","30","Occasionally","I fix bugs frequently","","The field is useful","The field is useful","The field is useful","","","","100","3","3","Occasionally","Frequently","It has a significant impact","High priority request from a user point of view can cause delay in the resolution of system bugs. SCRUM/AGILE is a good method to review priorities ","Project Manager","Bachelors","10","10+"
"2016/08/03 10:37:54 AM GMT+1","I report bugs frequently","Short description;Long description;Priority/Severity;Steps to reproduce","It almost never changes","It almost never changes","","It is usually changed by another team member","It is usually changed by another team member","","It is usually changed by another team member","No change needed","No change needed","No change needed","Left field blank","Left field blank","No change needed","Left field blank","15","Occasionally","I occasionally fix bugs","The field is useful","The field is useful","","The field is useful","","The field is useful","","60","5","5","Occasionally","Occasionally","It has a significant impact","the reported issue has to be studied; the reporter has to be ""educated"", etc.","Developer;Architect","Masters","10","4–9"
"2016/08/03 11:21:32 AM GMT+1","I report bugs frequently","Short description;Long description;Steps to reproduce;Release version","It almost never changes","It almost never changes","It almost never changes","It is usually changed by another team member","It is usually changed by another team member","It almost never changes","It almost never changes","No change needed","No change needed","Incomplete information","Left field blank","Left field blank","No change needed","Left field blank","50","Never","I fix bugs frequently","The field is useful","The field is useful","The field is useful","The field is useful","The field is useful","The field is useful","The field is useful","10","5","3","Occasionally","Occasionally","Its impact is minimum","","Developer","Masters","10","10+"
"2016/08/03 11:27:35 AM GMT+1","I report bugs frequently","Short description;Long description;The screenshot field;Steps to reproduce;Release version","It almost never changes","It almost never changes","It almost never changes","It is usually changed by another team member","It is usually changed by another team member","It almost never changes","It is usually changed by another team member","No change needed","Incomplete information","No change needed","Incorrect information","No change needed","Incomplete information","Incorrect information","","Never","I fix bugs frequently","The field is useful","The field is incomplete","The field is blank","The field is incorrect","The field is blank","The field is incomplete","The field is useful","30","5","4","Occasionally","Frequently","Its impact is minimum","I take priority as hint to help decide the actual priority. I access priority in how the end user will be able to use the software. ","Developer;Tester;Project Manager","Bachelors","10","<= 3"
"2016/08/03 11:41:33 AM GMT+1","I report bugs frequently","Short description;Long description;Priority/Severity;Steps to reproduce;Release version","It is usually changed by another team member","It almost never changes","","I usually need to change it later","It is usually changed by another team member","","","Incorrect information","Incorrect information","Incomplete information","Incorrect information","Left field blank","Incomplete information","Incorrect information","80","Never","I fix bugs frequently","The field is incorrect","The field is incomplete","The field is blank","The field is incorrect","The field is incorrect","The field is useful","The field is useful","70","5","5","Occasionally","Frequently","Its impact is minimum","","Developer;Architect","Bachelors;PhD","5","10+"
"2016/08/03 11:46:50 AM GMT+1","I report bugs frequently","Short description;Long description;The screenshot field;Priority/Severity;Assigned to (The person to whom the task is assigned);Release version","It almost never changes","It almost never changes","It almost never changes","It almost never changes","It almost never changes","It almost never changes","It almost never changes","No change needed","No change needed","No change needed","No change needed","No change needed","No change needed","No change needed","0","Occasionally","I fix bugs frequently","","","","","","","","","","","","","","","","","",""
"2016/08/03 12:21:28 PM GMT+1","I report bugs frequently","Short description;Long description;Priority/Severity;Assigned to (The person to whom the task is assigned);Steps to reproduce","It almost never changes","It almost never changes","It almost never changes","I usually need to change it later","I usually need to change it later","It almost never changes","","Incorrect information","Incomplete information","No change needed","Left field blank","Left field blank","Left field blank","","10%","Never","I fix bugs frequently","The field is useful","The field is useful","The field is useful","The field is useful","The field is useful","The field is useful","The field is useful","10% (most of the time I only care about my priorities, so it depends on whether I set that field ;) )","3","3","Occasionally","Occasionally","It has no impact","","","","",""
"2016/08/03 12:25:09 PM GMT+1","I report bugs frequently","Short description;Release version","It almost never changes","It almost never changes","It almost never changes","It is usually changed by another team member","It is usually changed by another team member","It almost never changes","It almost never changes","No change needed","Left field blank","Incomplete information","Incomplete information","Incomplete information","No change needed","No change needed","10","Occasionally","I fix bugs frequently","The field is useful","The field is useful","The field is blank","The field is incomplete","The field is useful","The field is useful","The field is useful","10","4","3","Occasionally","Frequently","Its impact is minimum","Ignore the priority field in bug report system","Developer","Masters","10","4–9"
"2016/08/03 12:50:36 PM GMT+1","I never report bugs","","","","","","","","","","","","","","","","","","I fix bugs frequently","The field is useful","","The field is useful","","","The field is useful","The field is useful","50","3","5","Occasionally","Occasionally","It has a significant impact","","Developer","Bachelors","3","10+"
"2016/08/03 3:08:03 PM GMT+1","I occasionally report bugs","Short description;Long description;Priority/Severity;Steps to reproduce;Release version","It almost never changes","I usually need to change it later","","It almost never changes","It is usually changed by another team member","It almost never changes","It almost never changes","No change needed","Incomplete information","","No change needed","Incorrect information","Incomplete information","No change needed","","Occasionally","I fix bugs frequently","The field is useful","The field is useful","The field is blank","The field is useful","The field is useful","The field is useful","The field is useful","VERY USEFUL FOR HIGH PRIORITY BUGS.","4","4","Never","Occasionally","It has a significant impact","IF PRIORITY IS DEFLATED AND CHANGED LATER THEN IT CREATES UNNECESSARY URGENCY IN THE LAST MINUTE. SAME CASE WITH INFLATED BUGS TOO SINCE THAT SAME TIME WOUD HAVE BEEN SPENT ON A MORE PRIORITY ISSUES. HENCE IT IS IMPORTANT TO GET THE PRIORITY RIGHT.","Developer","Masters","10","10+"
"2016/08/03 7:09:54 PM GMT+1","I occasionally report bugs","Short description;Long description;Priority/Severity;Steps to reproduce","","I usually need to change it later","","","It is usually changed by another team member","It almost never changes","","Incorrect information","Incomplete information","","","","No change needed","","5","Never","I occasionally fix bugs","The field is useful","The field is useful","","","","The field is useful","","0","5","3","Never","Never","It has no impact","","","","",""
"2016/08/04 6:31:52 AM GMT+1","I report bugs frequently","Long description;Priority/Severity;Steps to reproduce;Release version","It almost never changes","It almost never changes","I usually need to change it later","I usually need to change it later","It is usually changed by another team member","It almost never changes","It almost never changes","Incomplete information","Incomplete information","Incomplete information","No change needed","No change needed","No change needed","No change needed","10%","Never","I occasionally fix bugs","The field is blank","The field is useful","The field is useful","The field is blank","The field is blank","The field is useful","The field is useful","80%","5","5","Occasionally","Occasionally","It has no impact","","","","",""
"2016/08/04 10:33:10 PM GMT+1","I occasionally report bugs","Short description;Steps to reproduce;Release version (bug detected)","It is usually changed by another team member","It is usually changed by another team member","It almost never changes","It is usually changed by another team member","It is usually changed by another team member","It almost never changes","It is usually changed by another team member","Incomplete information","Incomplete information","No change needed","Left field blank","Left field blank","Left field blank","Left field blank","","Never","I occasionally fix bugs","The field is useful","The field is useful","The field is useful","","","The field is useful","The field is useful","0","5","5","Never","Occasionally","It has no impact","","","","",""
"2016/08/05 4:40:50 AM GMT+1","I occasionally report bugs","Short description;Long description;Steps to reproduce;Release version (bug detected)","It almost never changes","I usually need to change it later","It almost never changes","It almost never changes","It almost never changes","I usually need to change it later","It almost never changes","Incomplete information","Incomplete information","Incomplete information","Incomplete information","Left field blank","Incomplete information","Incomplete information","20%","Occasionally","I occasionally fix bugs","The field is useful","The field is useful","The field is useful","The field is incomplete","The field is incomplete","The field is incomplete","The field is useful","60%","5","5","Occasionally","Frequently","Its impact is minimum","Wrong priority makes work much more difficult.","Project Manager","Bachelors","8","4–9"
"2016/08/07 8:50:20 PM GMT+1","I occasionally report bugs","Short description;Long description;The screenshot field;Steps to reproduce","It almost never changes","It is usually changed by another team member","It almost never changes","It is usually changed by another team member","It is usually changed by another team member","It is usually changed by another team member","It is usually changed by another team member","Incomplete information","Incomplete information","Incomplete information","Left field blank","Left field blank","Incomplete information","Left field blank","50","Never","I fix bugs frequently","The field is useful","The field is useful","The field is useful","The field is incomplete","The field is useful","The field is useful","The field is incomplete","25","4","4","Occasionally","Occasionally","Its impact is minimum","There are a lot of people that are able to prioritise bugs based on our experience, and we often down-prioritise based on consensus.","scrum master","Bachelors","10","10+"
"2016/08/08 12:16:22 PM GMT+1","I occasionally report bugs","Short description;Long description;Priority/Severity;Steps to reproduce;Release version (bug detected)","It almost never changes","It almost never changes","","It almost never changes","It is usually changed by another team member","It almost never changes","It almost never changes","No change needed","No change needed","","No change needed","Left field blank","No change needed","No change needed","5","Never","I fix bugs frequently","The field is useful","The field is useful","","","The field is blank","The field is useful","The field is useful","10","4","3","Never","Occasionally","It has no impact","","","","",""
"2016/08/16 4:07:33 PM GMT+1","I occasionally report bugs","Short description;Steps to reproduce;Release version (bug detected)","","","","","","It is usually changed by another team member","It is usually changed by another team member","Incomplete information","","","","","Incorrect information","","","Occasionally","I occasionally fix bugs","","","","","","The field is useful","The field is useful","","2","5","Occasionally","Occasionally","It has a significant impact","","Developer;Architect","Bachelors","10","10+"
"2016/08/16 11:59:33 PM GMT+1","I report bugs frequently","Short description;Long description;The screenshot field;Steps to reproduce;Release version (bug detected)","It almost never changes","I usually need to change it later","It almost never changes","It is usually changed by another team member","It is usually changed by another team member","It almost never changes","It almost never changes","No change needed","Incorrect information","No change needed","Left field blank","Left field blank","Incomplete information","No change needed","Unsure","Never","I fix bugs frequently","The field is incorrect","The field is useful","The field is useful","The field is incorrect","The field is incorrect","The field is useful","The field is useful","","4","3","Occasionally","Frequently","It has no impact","","","","",""