"Timestamp","How involved are you with bug reporting?","When you create a bug report, which fields do you usually fill out?","If a bug report changes, who changes it? [Short description]","If a bug report changes, who changes it? [Long description]","If a bug report changes, who changes it? [The screenshot field]","If a bug report changes, who changes it? [Priority/Severity]","If a bug report changes, who changes it? [Assigned to]","If a bug report changes, who changes it? [Steps to reproduce]","If a bug report changes, who changes it? [Release version]","When does your bug report need updating? [Short description]","When does your bug report need updating? [Long description]","When does your bug report need updating? [The screenshot field]","When does your bug report need updating? [Priority/Severity]","When does your bug report need updating? [Assigned to]","When does your bug report need updating? [Steps to reproduce]","When does your bug report need updating? [Release version]","In what percentage of your bug reports does the priority field change? ","When writing bug reports, how often do you overstate the priority to speed resolution?","How often do you fix bugs?","How informative are bug reports for fixing bugs? [Short description]","How informative are bug reports for fixing bugs? [Long description]","How informative are bug reports for fixing bugs? [The screenshot field]","How informative are bug reports for fixing bugs? [Priority/Severity]","How informative are bug reports for fixing bugs? [Assigned to]","How informative are bug reports for fixing bugs? [Steps to reproduce]","How informative are bug reports for fixing bugs? [Release version]","In what percentage of your bug reports are the priority fields useful?","How many priority levels are typically supported by the bug reporting system(s) you use?","How many priority levels do you think are needed for your current project(s)?","Considering your current software project(s): How often is priority understated (or deflated) in bug reports?","Considering your current software project(s): How often is priority overstated (or inflated) in bug reports?","Is priority inflation/deflation affecting your work?","If priority inflation/deflation is affecting your work, please detail how and what steps are being taken to address it.","What is your role in your current software development project(s)?","What degrees do you hold?","How many years have you being involved professionally in software development?","How many people are typically involved in your current project(s)?"
"2016/07/15 10:32:23 PM GMT+1","I report bugs frequently","Short description;Long description;The screenshot field;Steps to reproduce","It almost never changes","It almost never changes","It almost never changes","It is usually changed by another team member","It is usually changed by another team member","It almost never changes","It almost never changes","Incorrect information","No change needed","No change needed","Incomplete information","Incomplete information","Incorrect information","No change needed","","Never","I fix bugs frequently","The field is useful","The field is useful","The field is useful","The field is useful","The field is useful","The field is useful","The field is useful","","5","4","Never","Never","It has no impact","","","","",""
"2016/08/03 12:48:53 AM GMT+1","I occasionally report bugs","Short description;Priority/Severity;Assigned to (The person to whom the task is assigned);Steps to reproduce","It almost never changes","It almost never changes","It almost never changes","I usually need to change it later","I usually need to change it later","It almost never changes","It almost never changes","No change needed","Left field blank","Incomplete information","Incorrect information","Incorrect information","Incorrect information","Left field blank","40","Occasionally","I occasionally fix bugs","The field is useful","The field is useful","The field is blank","The field is useful","The field is useful","The field is useful","The field is blank","30","3","3","Occasionally","Occasionally","Its impact is minimum","","Developer;Tester;Architect","PhD","4","4–9"
"2016/08/03 12:49:29 PM GMT+1","I report bugs frequently","Short description;Long description;Priority/Severity;Assigned to (The person to whom the task is assigned);Steps to reproduce;Release version","It almost never changes","I usually need to change it later","","It almost never changes","It almost never changes","It almost never changes","I usually need to change it later","No change needed","Incomplete information","","No change needed","No change needed","No change needed","Left field blank","5","Never","I fix bugs frequently","The field is useful","The field is useful","","","","The field is useful","","0","3","3","Never","Occasionally","It has no impact","","","","",""
"2016/08/03 12:59:53 PM GMT+1","I report bugs frequently","Short description;Long description;The screenshot field;Steps to reproduce;Release version","It almost never changes","It almost never changes","It almost never changes","I usually need to change it later","I usually need to change it later","It almost never changes","It almost never changes","No change needed","No change needed","Incomplete information","No change needed","No change needed","Incomplete information","No change needed","15","Never","I fix bugs frequently","The field is useful","The field is useful","The field is useful","The field is incorrect","The field is blank","The field is useful","The field is useful","?","4","3","Never","Occasionally","Its impact is minimum","Reports containing hyperbole are ignored completely. 
Until the next face-to-face meeting, where we get to dismiss them in person. Or get an actual explanation of the real problem and motivation.","Developer;Architect","Masters","10","4–9"
"2016/08/03 1:06:26 PM GMT+1","I report bugs frequently","Short description;Long description;The screenshot field;Steps to reproduce","","","","","","","","","","","","","","","","Occasionally","I occasionally fix bugs","The field is incorrect","The field is useful","The field is useful","The field is incorrect","","The field is useful","","","3","3","Never","Occasionally","It has a significant impact","My manager thinks it is important. Has out stated effect on severity. ","Developer","Bachelors","10","4–9"
"2016/08/03 1:47:22 PM GMT+1","I occasionally report bugs","Short description;The screenshot field;Steps to reproduce","It is usually changed by another team member","I usually need to change it later","It almost never changes","It is usually changed by another team member","It is usually changed by another team member","It almost never changes","It almost never changes","No change needed","Incomplete information","Incorrect information","Left field blank","Left field blank","No change needed","Left field blank","50%","Never","I fix bugs frequently","The field is useful","The field is useful","The field is useful","The field is blank","The field is blank","The field is useful","The field is blank","30%","3","3","Occasionally","Occasionally","Its impact is minimum","","Developer","Masters","4","4–9"
"2016/08/03 2:10:19 PM GMT+1","I occasionally report bugs","Short description;Long description;The screenshot field;Priority/Severity;Steps to reproduce","It almost never changes","It almost never changes","It almost never changes","I usually need to change it later","I usually need to change it later","It almost never changes","It almost never changes","No change needed","Incomplete information","No change needed","Incorrect information","No change needed","Incorrect information","No change needed","75","Frequently","I fix bugs frequently","The field is useful","The field is useful","The field is useful","The field is incorrect","The field is blank","The field is useful","The field is blank","0","4","4","Never","Frequently","Its impact is minimum","Issues are reviewed by PM & business stake holder before assigned for fixing.","Developer","Bachelors","10","4–9"
"2016/08/03 2:34:31 PM GMT+1","I report bugs frequently","Short description;Long description;The screenshot field;Priority/Severity;Assigned to (The person to whom the task is assigned);Steps to reproduce;Release version","It almost never changes","It almost never changes","It almost never changes","It almost never changes","It almost never changes","It almost never changes","It almost never changes","No change needed","No change needed","Incomplete information","Incorrect information","Incorrect information","Incomplete information","Incorrect information","60%","Occasionally","I occasionally fix bugs","The field is useful","The field is useful","The field is useful","The field is useful","The field is useful","The field is useful","The field is useful","70%","5","5","Occasionally","Frequently","Its impact is minimum","","Tester","Masters","10","10+"
"2016/08/03 2:52:23 PM GMT+1","I report bugs frequently","Short description;Long description;The screenshot field;Steps to reproduce","It almost never changes","I usually need to change it later","It almost never changes","It is usually changed by another team member","It is usually changed by another team member","It almost never changes","It is usually changed by another team member","Left field blank","Incomplete information","Incorrect information","No change needed","No change needed","Incorrect information","No change needed","Not sure","Occasionally","I fix bugs frequently","The field is useful","The field is useful","The field is useful","The field is blank","The field is blank","The field is useful","The field is blank","50%","5","3","Never","Occasionally","Its impact is minimum","Priority occasionally needs to be revised, which in turn may change what bug is being worked on first.","Developer;Tester;Architect","Masters","10","<= 3"
"2016/08/03 3:00:15 PM GMT+1","I never report bugs","","","","","","","","","","","","","","","","","","I fix bugs frequently","","","","","","The field is blank","","","1","3","Occasionally","Frequently","It has a significant impact","","Developer","PhD","10","4–9"
"2016/08/03 9:31:49 PM GMT+1","I occasionally report bugs","Short description;Long description;The screenshot field;Steps to reproduce;Release version","It almost never changes","It almost never changes","It almost never changes","I usually need to change it later","I usually need to change it later","It almost never changes","It almost never changes","","","","","Incomplete information","","","Not many","Occasionally","I fix bugs frequently","The field is incomplete","The field is incomplete","The field is incomplete","","","The field is incomplete","","0","5","5","Never","Frequently","Its impact is minimum","Advise reporters priority generally ignored ","Developer","Bachelors","10","<= 3"
"2016/08/04 5:35:15 AM GMT+1","I occasionally report bugs","Short description;Long description;Release version","It almost never changes","It almost never changes","I usually need to change it later","It is usually changed by another team member","It is usually changed by another team member","I usually need to change it later","It is usually changed by another team member","Incomplete information","Incomplete information","Left field blank","Incomplete information","Incorrect information","Incomplete information","Incorrect information","60%","Occasionally","I occasionally fix bugs","The field is incomplete","The field is useful","The field is useful","The field is blank","The field is blank","The field is useful","The field is useful","40%","5","5","Occasionally","Occasionally","Its impact is minimum","","Developer","Bachelors;Masters;PhD","5","4–9"
"2016/08/04 12:40:11 PM GMT+1","I never report bugs","","","","","","","","","","","","","","","","","","I never fix bugs","","","","","","","","","5","5","Occasionally","Frequently","Its impact is minimum","I try to realize the priority by reading the bug report.","Developer;Tester","Bachelors;Masters","1","<= 3"
"2016/08/05 5:06:41 AM GMT+1","I occasionally report bugs","Short description;Assigned to (The person to whom the task is assigned);Steps to reproduce","It almost never changes","","","It almost never changes","It almost never changes","It almost never changes","It almost never changes","Incomplete information","","","","Incomplete information","Incomplete information","","10","Occasionally","I occasionally fix bugs","The field is useful","","","","The field is useful","The field is useful","The field is useful","10","4","4","Frequently","Frequently","Its impact is minimum","","Security designer","Masters","7","10+"
"2016/08/06 6:18:49 AM GMT+1","I report bugs frequently","Short description;Priority/Severity;Steps to reproduce","It almost never changes","It almost never changes","I usually need to change it later","I usually need to change it later","I usually need to change it later","It almost never changes","It almost never changes","Incomplete information","Left field blank","Left field blank","No change needed","Incorrect information","Incomplete information","No change needed","65","Occasionally","I fix bugs frequently","The field is useful","The field is incomplete","The field is incomplete","The field is incorrect","The field is incorrect","The field is incomplete","The field is useful","35","5","4","Occasionally","Frequently","Its impact is minimum","We try to urge developers to follow a protocol for what is and is not a high priority bug.","Developer;Tester;Architect","Bachelors;Masters","3","<= 3"
"2016/08/06 8:17:38 AM GMT+1","I occasionally report bugs","Short description;Long description;The screenshot field;Steps to reproduce;Release version (bug detected)","It almost never changes","It almost never changes","It almost never changes","It is usually changed by another team member","","","","","","","","","","","10","Occasionally","I fix bugs frequently","The field is useful","The field is useful","The field is useful","","","The field is useful","The field is useful","","3","3","Occasionally","Occasionally","It has a significant impact","","Developer","Masters","8","4–9"
"2016/08/06 11:43:25 AM GMT+1","I never report bugs","","","","","","","","","","","","","","","","","","I occasionally fix bugs","The field is useful","The field is useful","","The field is incorrect","The field is incomplete","The field is useful","The field is incorrect","30","5","4","Occasionally","Frequently","Its impact is minimum","","Developer","Masters","1","<= 3"
"2016/08/06 3:15:02 PM GMT+1","I occasionally report bugs","Short description;Long description;The screenshot field;Priority/Severity;Steps to reproduce;Release version (bug detected)","It almost never changes","It almost never changes","It almost never changes","It almost never changes","It is usually changed by another team member","It almost never changes","It almost never changes","No change needed","No change needed","No change needed","No change needed","Left field blank","No change needed","No change needed","5","Never","I fix bugs frequently","The field is incorrect","The field is incomplete","The field is incorrect","The field is incorrect","The field is useful","The field is incomplete","The field is useful","0","5","5","Frequently","Occasionally","It has a significant impact","None. The organization uses priority manipulation to punish engineers and qa","Architect","PhD","10","10+"
"2016/08/06 9:23:00 PM GMT+1","I report bugs frequently","Short description;Long description;The screenshot field;Priority/Severity;Steps to reproduce;Release version (bug detected)","It almost never changes","It almost never changes","It almost never changes","I usually need to change it later","It is usually changed by another team member","I usually need to change it later","It almost never changes","Incomplete information","Incomplete information","Incomplete information","Left field blank","Left field blank","No change needed","No change needed","Since it's done by another team member, 60%?","Never","I fix bugs frequently","The field is useful","The field is useful","The field is useful","The field is useful","The field is useful","The field is useful","The field is useful","100%","5","5","Occasionally","Occasionally","Its impact is minimum","It just affects when a bug is prioritised to be fixed.","Developer;Tester","None","10","4–9"
"2016/08/07 4:48:50 AM GMT+1","I report bugs frequently","Long description;The screenshot field;Steps to reproduce","","","","It almost never changes","","","","","","","","Left field blank","","","","Occasionally","I fix bugs frequently","","","","","","The field is blank","","80%","5","4","Occasionally","Occasionally","It has a significant impact","","Tester","Masters","2","4–9"
"2016/08/08 8:01:19 AM GMT+1","I occasionally report bugs","Short description;Long description;Release version (bug detected)","It is usually changed by another team member","","","It is usually changed by another team member","It is usually changed by another team member","","","Left field blank","Left field blank","Left field blank","Left field blank","Left field blank","Left field blank","Left field blank","","","I fix bugs frequently","The field is useful","The field is useful","The field is blank","The field is useful","The field is blank","The field is useful","The field is blank","30%","5","5","Occasionally","Occasionally","Its impact is minimum","","Tester","Bachelors;Masters;PhD","10","10+"
"2016/08/08 10:17:18 AM GMT+1","I occasionally report bugs","Short description;Steps to reproduce;Release version (bug detected)","It almost never changes","I usually need to change it later","","It is usually changed by another team member","It is usually changed by another team member","It almost never changes","It almost never changes","Incomplete information","Incomplete information","No change needed","Left field blank","Left field blank","Incomplete information","Incomplete information","","","I fix bugs frequently","The field is useful","The field is useful","The field is blank","The field is blank","The field is blank","The field is useful","The field is blank","","1","2","Occasionally","Never","It has no impact","","","","",""
"2016/08/08 10:21:14 AM GMT+1","I occasionally report bugs","Short description;Long description;Steps to reproduce;Release version (bug detected)","It almost never changes","It almost never changes","It almost never changes","It almost never changes","It is usually changed by another team member","It almost never changes","It almost never changes","No change needed","No change needed","No change needed","Left field blank","Left field blank","No change needed","Incomplete information","I usually don't assign priorities (because of the software where I report bugs on), so 100%","Never","I fix bugs frequently","The field is useful","The field is useful","The field is useful","","","The field is useful","The field is useful","Not useful for fixing bugs. Only useful for prioritizing bugs.","3","3","Occasionally","Occasionally","It has no impact","","","","",""
"2016/08/08 11:53:00 AM GMT+1","I occasionally report bugs","Short description;Long description;The screenshot field;Steps to reproduce;Release version (bug detected)","It almost never changes","It almost never changes","It almost never changes","It is usually changed by another team member","It is usually changed by another team member","It almost never changes","It almost never changes","Incorrect information","No change needed","No change needed","Left field blank","Left field blank","Incomplete information","Incomplete information","80%","Never","I fix bugs frequently","The field is useful","The field is useful","The field is useful","The field is useful","The field is useful","The field is useful","The field is useful","5%","5","3","Never","Occasionally","Its impact is minimum","We try to address issues in a shortest first fashion, rather than strictly adhering to priority levels.","Developer","Bachelors;Masters","3","10+"
"2016/08/09 3:33:24 AM GMT+1","I never report bugs","","","","","","","","","","","","","","","","","","I occasionally fix bugs","The field is incomplete","","The field is incomplete","","","The field is incomplete","","60","3","3","Occasionally","Occasionally","Its impact is minimum","May delay response time for critical issues if priority is not correct ","Project Manager","Masters","1","<= 3"
"2016/08/12 5:43:54 PM GMT+1","I report bugs frequently","Long description;Steps to reproduce","It almost never changes","It almost never changes","It almost never changes","It almost never changes","It almost never changes","It almost never changes","It almost never changes","","Incomplete information","","","","Incomplete information","","0","Never","I fix bugs frequently","The field is useful","The field is useful","","","","The field is useful","","0","5","1","Occasionally","Occasionally","It has no impact","","","","",""
"2016/08/15 1:51:17 AM GMT+1","I occasionally report bugs","Short description;The screenshot field;Priority/Severity;Steps to reproduce;Release version (bug detected)","It almost never changes","It almost never changes","It almost never changes","I usually need to change it later","It is usually changed by another team member","I usually need to change it later","It almost never changes","No change needed","Left field blank","No change needed","Incorrect information","Left field blank","No change needed","No change needed","30","Never","I never fix bugs","","","","","","","","","5","5","Never","Occasionally","It has no impact","","","","",""
"2016/08/15 8:30:56 AM GMT+1","I report bugs frequently","Short description;Long description;Priority/Severity;Assigned to (The person to whom the task is assigned);Steps to reproduce;Release version (bug detected)","It almost never changes","It almost never changes","It almost never changes","It almost never changes","It is usually changed by another team member","It almost never changes","It almost never changes","No change needed","Incorrect information","No change needed","No change needed","Left field blank","Left field blank","No change needed","","Occasionally","I never fix bugs","","","","","","","","","4","4","Occasionally","Occasionally","Its impact is minimum","Review and correct/update the priority","Technical Support Consultant","Bachelors;Masters","6","10+"
"2016/08/19 8:26:04 PM GMT+1","I occasionally report bugs","Short description;Long description;Priority/Severity;Assigned to (The person to whom the task is assigned);Release version (bug detected)","It almost never changes","I usually need to change it later","It almost never changes","It is usually changed by another team member","I usually need to change it later","It is usually changed by another team member","It almost never changes","No change needed","Incomplete information","Left field blank","Incorrect information","Incomplete information","Incomplete information","Incorrect information","30","Occasionally","I fix bugs frequently","The field is useful","The field is useful","The field is incorrect","The field is incomplete","The field is incomplete","The field is useful","The field is incorrect","40","5","5","Occasionally","Occasionally","Its impact is minimum","I tend to analyse priority based on my experience and occasionally directly contact who reported the bug.","Developer;Project Manager;Architect","Masters","2","<= 3"
"2016/08/28 11:13:10 PM GMT+1","I occasionally report bugs","Short description;The screenshot field;Priority/Severity","I usually need to change it later","It almost never changes","It almost never changes","It almost never changes","I usually need to change it later","It almost never changes","It almost never changes","Incomplete information","Left field blank","Left field blank","Incorrect information","Left field blank","Incorrect information","Left field blank","","Never","I occasionally fix bugs","The field is useful","The field is blank","The field is useful","The field is useful","The field is useful","The field is blank","The field is blank","","3","3","Occasionally","Occasionally","Its impact is minimum","","Developer;Tester","Bachelors","4","4–9"